quarantined_at,dataset,source_file,row_index,field,value,rule
2026-09-29T08:14:10,inventory,inventory.csv,0,Stock_Qty,'-50,greater_than_equal: Input should be greater than or equal to 0
2026-09-29T08:14:10,production,production.csv,0,Target_Qty,'-431,greater_than_equal: Input should be greater than or equal to 0
2026-09-29T08:14:10,inventory,inventory.csv,0,Stock_Qty,'-50,greater_than_equal: Input should be greater than or equal to 0
2026-09-29T08:14:10,production,production.csv,0,Target_Qty,'-431,greater_than_equal: Input should be greater than or equal to 0
2026-09-29T08:14:10,inventory,inventory.csv,0,Stock_Qty,'-50,greater_than_equal: Input should be greater than or equal to 0
2026-09-29T08:14:10,production,production.csv,0,Target_Qty,'-431,greater_than_equal: Input should be greater than or equal to 0
2026-09-29T08:14:10,inventory,inventory.csv,0,Stock_Qty,'-50,greater_than_equal: Input should be greater than or equal to 0
2026-09-29T08:14:10,production,production.csv,0,Target_Qty,'-431,greater_than_equal: Input should be greater than or equal to 0
2026-09-29T08:14:11,production,production.csv,0,Target_Qty,'-50,greater_than_equal: Input should be greater than or equal to 0
2026-09-29T08:14:11,inventory,inventory.csv,0,Stock_Qty,'-50,greater_than_equal: Input should be greater than or equal to 0
2026-09-29T08:14:11,production,production.csv,0,Target_Qty,'-431,greater_than_equal: Input should be greater than or equal to 0
2026-09-29T08:14:14,inventory,inventory.csv,0,Stock_Qty,'-50,greater_than_equal: Input should be greater than or equal to 0
2026-09-29T08:14:14,production,production.csv,0,Target_Qty,'-431,greater_than_equal: Input should be greater than or equal to 0
2026-09-29T08:16:15,inventory,inventory.csv,0,Stock_Qty,'-50,greater_than_equal: Input should be greater than or equal to 0
2026-09-29T08:16:15,production,production.csv,0,Target_Qty,'-431,greater_than_equal: Input should be greater than or equal to 0
2026-09-29T08:16:24,inventory,inventory.csv,0,Stock_Qty,'-50,greater_than_equal: Input should be greater than or equal to 0
2026-09-29T08:16:24,production,production.csv,0,Target_Qty,'-431,greater_than_equal: Input should be greater than or equal to 0
2026-09-29T08:16:24,inventory,inventory.csv,0,Stock_Qty,'-50,greater_than_equal: Input should be greater than or equal to 0
2026-09-29T08:16:24,production,production.csv,0,Target_Qty,'-431,greater_than_equal: Input should be greater than or equal to 0
2026-09-29T08:16:24,inventory,inventory.csv,0,Stock_Qty,'-50,greater_than_equal: Input should be greater than or equal to 0
2026-09-29T08:16:24,production,production.csv,0,Target_Qty,'-431,greater_than_equal: Input should be greater than or equal to 0
2026-09-29T08:16:25,inventory,inventory.csv,0,Stock_Qty,'-50,greater_than_equal: Input should be greater than or equal to 0
2026-09-29T08:16:25,production,production.csv,0,Target_Qty,'-431,greater_than_equal: Input should be greater than or equal to 0
2026-09-29T14:16:32,inventory,inventory.csv,0,Stock_Qty,'-50,greater_than_equal: Input should be greater than or equal to 0
2026-09-29T14:16:32,production,production.csv,0,Target_Qty,'-431,greater_than_equal: Input should be greater than or equal to 0
2026-09-29T14:16:46,inventory,inventory.csv,0,Stock_Qty,'-50,greater_than_equal: Input should be greater than or equal to 0
2026-09-29T14:16:46,production,production.csv,0,Target_Qty,'-431,greater_than_equal: Input should be greater than or equal to 0
2026-09-29T14:19:36,inventory,inventory.csv,0,Stock_Qty,'-50,greater_than_equal: Input should be greater than or equal to 0
2026-09-29T14:19:36,production,production.csv,0,Target_Qty,'-431,greater_than_equal: Input should be greater than or equal to 0
2026-09-29T14:19:51,inventory,inventory.csv,0,Stock_Qty,'-50,greater_than_equal: Input should be greater than or equal to 0
2026-09-29T14:19:51,production,production.csv,0,Target_Qty,'-431,greater_than_equal: Input should be greater than or equal to 0
2026-09-29T14:20:07,inventory,inventory.csv,0,Stock_Qty,'-50,greater_than_equal: Input should be greater than or equal to 0
2026-09-29T14:20:07,production,production.csv,0,Target_Qty,'-431,greater_than_equal: Input should be greater than or equal to 0
2026-09-29T14:20:31,inventory,inventory.csv,0,Stock_Qty,'-50,greater_than_equal: Input should be greater than or equal to 0
2026-09-29T14:20:31,production,production.csv,0,Target_Qty,'-431,greater_than_equal: Input should be greater than or equal to 0
2026-09-29T14:21:01,inventory,inventory.csv,0,Stock_Qty,'-50,greater_than_equal: Input should be greater than or equal to 0
2026-09-29T14:21:01,production,production.csv,0,Target_Qty,'-431,greater_than_equal: Input should be greater than or equal to 0
2026-09-29T14:26:02,inventory,inventory.csv,0,Stock_Qty,'-50,greater_than_equal: Input should be greater than or equal to 0
2026-09-29T14:26:02,production,production.csv,0,Target_Qty,'-431,greater_than_equal: Input should be greater than or equal to 0
2026-09-29T14:26:02,inventory,inventory.csv,0,Stock_Qty,'-50,greater_than_equal: Input should be greater than or equal to 0
2026-09-29T14:26:02,production,production.csv,0,Target_Qty,'-431,greater_than_equal: Input should be greater than or equal to 0
2026-09-29T14:26:02,inventory,inventory.csv,0,Stock_Qty,'-50,greater_than_equal: Input should be greater than or equal to 0
2026-09-29T14:26:02,production,production.csv,0,Target_Qty,'-431,greater_than_equal: Input should be greater than or equal to 0
2026-09-29T14:26:02,inventory,inventory.csv,0,Stock_Qty,'-50,greater_than_equal: Input should be greater than or equal to 0
2026-09-29T14:26:02,production,production.csv,0,Target_Qty,'-431,greater_than_equal: Input should be greater than or equal to 0
2026-09-29T14:26:03,production,production.csv,0,Target_Qty,'-50,greater_than_equal: Input should be greater than or equal to 0
2026-09-29T14:26:03,inventory,inventory.csv,0,Stock_Qty,'-50,greater_than_equal: Input should be greater than or equal to 0
2026-09-29T14:26:03,production,production.csv,0,Target_Qty,'-431,greater_than_equal: Input should be greater than or equal to 0
2026-09-29T14:26:03,inventory,inventory.csv,0,Stock_Qty,'-50,greater_than_equal: Input should be greater than or equal to 0
2026-09-29T14:26:03,production,production.csv,0,Target_Qty,'-431,greater_than_equal: Input should be greater than or equal to 0
2026-09-29T14:46:04,inventory,inventory.csv,0,Stock_Qty,'-50,greater_than_equal: Input should be greater than or equal to 0
2026-09-29T14:46:04,production,production.csv,0,Target_Qty,'-431,greater_than_equal: Input should be greater than or equal to 0
2026-09-29T14:46:04,inventory,inventory.csv,0,Stock_Qty,'-50,greater_than_equal: Input should be greater than or equal to 0
2026-09-29T14:46:04,production,production.csv,0,Target_Qty,'-431,greater_than_equal: Input should be greater than or equal to 0
2026-09-29T14:46:04,inventory,inventory.csv,0,Stock_Qty,'-50,greater_than_equal: Input should be greater than or equal to 0
2026-09-29T14:46:04,production,production.csv,0,Target_Qty,'-431,greater_than_equal: Input should be greater than or equal to 0
2026-09-29T14:46:05,inventory,inventory.csv,0,Stock_Qty,'-50,greater_than_equal: Input should be greater than or equal to 0
2026-09-29T14:46:05,production,production.csv,0,Target_Qty,'-431,greater_than_equal: Input should be greater than or equal to 0
2026-09-29T14:46:05,production,production.csv,0,Target_Qty,'-50,greater_than_equal: Input should be greater than or equal to 0
2026-09-29T14:46:05,inventory,inventory.csv,0,Stock_Qty,'-50,greater_than_equal: Input should be greater than or equal to 0
2026-09-29T14:46:05,production,production.csv,0,Target_Qty,'-431,greater_than_equal: Input should be greater than or equal to 0
2026-09-29T14:46:06,inventory,inventory.csv,0,Stock_Qty,'-50,greater_than_equal: Input should be greater than or equal to 0
2026-09-29T14:46:06,production,production.csv,0,Target_Qty,'-431,greater_than_equal: Input should be greater than or equal to 0
2026-09-29T14:46:06,inventory,inventory.csv,0,Stock_Qty,'-50,greater_than_equal: Input should be greater than or equal to 0
2026-09-29T14:46:06,production,production.csv,0,Target_Qty,'-431,greater_than_equal: Input should be greater than or equal to 0
2026-09-29T14:46:11,inventory,inventory.csv,0,Stock_Qty,'-50,greater_than_equal: Input should be greater than or equal to 0
2026-09-29T14:46:11,production,production.csv,0,Target_Qty,'-431,greater_than_equal: Input should be greater than or equal to 0
2026-09-29T14:47:27,inventory,inventory.csv,0,Stock_Qty,'-50,greater_than_equal: Input should be greater than or equal to 0
2026-09-29T14:47:27,production,production.csv,0,Target_Qty,'-431,greater_than_equal: Input should be greater than or equal to 0
2026-09-29T14:47:27,inventory,inventory.csv,0,Stock_Qty,'-50,greater_than_equal: Input should be greater than or equal to 0
2026-09-29T14:47:27,production,production.csv,0,Target_Qty,'-431,greater_than_equal: Input should be greater than or equal to 0
2026-09-29T14:47:27,inventory,inventory.csv,0,Stock_Qty,'-50,greater_than_equal: Input should be greater than or equal to 0
2026-09-29T14:47:27,production,production.csv,0,Target_Qty,'-431,greater_than_equal: Input should be greater than or equal to 0
2026-09-29T14:47:28,inventory,inventory.csv,0,Stock_Qty,'-50,greater_than_equal: Input should be greater than or equal to 0
2026-09-29T14:47:28,production,production.csv,0,Target_Qty,'-431,greater_than_equal: Input should be greater than or equal to 0
2026-09-29T14:47:28,production,production.csv,0,Target_Qty,'-50,greater_than_equal: Input should be greater than or equal to 0
2026-09-29T14:47:28,inventory,inventory.csv,0,Stock_Qty,'-50,greater_than_equal: Input should be greater than or equal to 0
2026-09-29T14:47:28,production,production.csv,0,Target_Qty,'-431,greater_than_equal: Input should be greater than or equal to 0
2026-09-29T14:47:28,inventory,inventory.csv,0,Stock_Qty,'-50,greater_than_equal: Input should be greater than or equal to 0
2026-09-29T14:47:28,production,production.csv,0,Target_Qty,'-431,greater_than_equal: Input should be greater than or equal to 0
2026-09-29T14:47:28,inventory,inventory.csv,0,Stock_Qty,'-50,greater_than_equal: Input should be greater than or equal to 0
2026-09-29T14:47:28,production,production.csv,0,Target_Qty,'-431,greater_than_equal: Input should be greater than or equal to 0
2026-09-29T14:48:26,inventory,inventory.csv,0,Stock_Qty,'-50,greater_than_equal: Input should be greater than or equal to 0
2026-09-29T14:48:26,production,production.csv,0,Target_Qty,'-431,greater_than_equal: Input should be greater than or equal to 0
2026-09-29T14:48:27,inventory,inventory.csv,0,Stock_Qty,'-50,greater_than_equal: Input should be greater than or equal to 0
2026-09-29T14:48:27,production,production.csv,0,Target_Qty,'-431,greater_than_equal: Input should be greater than or equal to 0
2026-09-29T14:48:27,inventory,inventory.csv,0,Stock_Qty,'-50,greater_than_equal: Input should be greater than or equal to 0
2026-09-29T14:48:27,production,production.csv,0,Target_Qty,'-431,greater_than_equal: Input should be greater than or equal to 0
2026-09-29T14:48:27,inventory,inventory.csv,0,Stock_Qty,'-50,greater_than_equal: Input should be greater than or equal to 0
2026-09-29T14:48:27,production,production.csv,0,Target_Qty,'-431,greater_than_equal: Input should be greater than or equal to 0
2026-09-29T14:48:27,production,production.csv,0,Target_Qty,'-50,greater_than_equal: Input should be greater than or equal to 0
2026-09-29T14:48:27,inventory,inventory.csv,0,Stock_Qty,'-50,greater_than_equal: Input should be greater than or equal to 0
2026-09-29T14:48:27,production,production.csv,0,Target_Qty,'-431,greater_than_equal: Input should be greater than or equal to 0
2026-09-29T14:48:28,inventory,inventory.csv,0,Stock_Qty,'-50,greater_than_equal: Input should be greater than or equal to 0
2026-09-29T14:48:28,production,production.csv,0,Target_Qty,'-431,greater_than_equal: Input should be greater than or equal to 0
2026-09-29T14:48:28,inventory,inventory.csv,0,Stock_Qty,'-50,greater_than_equal: Input should be greater than or equal to 0
2026-09-29T14:48:28,production,production.csv,0,Target_Qty,'-431,greater_than_equal: Input should be greater than or equal to 0
2026-09-29T14:48:36,inventory,inventory.csv,0,Stock_Qty,'-50,greater_than_equal: Input should be greater than or equal to 0
2026-09-29T14:48:36,production,production.csv,0,Target_Qty,'-431,greater_than_equal: Input should be greater than or equal to 0
2026-09-29T14:48:36,inventory,inventory.csv,0,Stock_Qty,'-50,greater_than_equal: Input should be greater than or equal to 0
2026-09-29T14:48:36,production,production.csv,0,Target_Qty,'-431,greater_than_equal: Input should be greater than or equal to 0
2026-09-29T14:48:36,inventory,inventory.csv,0,Stock_Qty,'-50,greater_than_equal: Input should be greater than or equal to 0
2026-09-29T14:48:36,production,production.csv,0,Target_Qty,'-431,greater_than_equal: Input should be greater than or equal to 0
2026-09-29T14:48:36,inventory,inventory.csv,0,Stock_Qty,'-50,greater_than_equal: Input should be greater than or equal to 0
2026-09-29T14:48:36,production,production.csv,0,Target_Qty,'-431,greater_than_equal: Input should be greater than or equal to 0
2026-09-29T14:48:37,production,production.csv,0,Target_Qty,'-50,greater_than_equal: Input should be greater than or equal to 0
2026-09-29T14:48:37,inventory,inventory.csv,0,Stock_Qty,'-50,greater_than_equal: Input should be greater than or equal to 0
2026-09-29T14:48:37,production,production.csv,0,Target_Qty,'-431,greater_than_equal: Input should be greater than or equal to 0
2026-09-29T14:48:37,inventory,inventory.csv,0,Stock_Qty,'-50,greater_than_equal: Input should be greater than or equal to 0
2026-09-29T14:48:37,production,production.csv,0,Target_Qty,'-431,greater_than_equal: Input should be greater than or equal to 0
2026-09-29T14:48:37,inventory,inventory.csv,0,Stock_Qty,'-50,greater_than_equal: Input should be greater than or equal to 0
2026-09-29T14:48:37,production,production.csv,0,Target_Qty,'-431,greater_than_equal: Input should be greater than or equal to 0
2026-09-29T16:24:00,inventory,inventory.csv,0,Stock_Qty,'-50,greater_than_equal: Input should be greater than or equal to 0
2026-09-29T16:24:00,production,production.csv,0,Target_Qty,'-431,greater_than_equal: Input should be greater than or equal to 0
2026-09-29T16:24:00,inventory,inventory.csv,0,Stock_Qty,'-50,greater_than_equal: Input should be greater than or equal to 0
2026-09-29T16:24:00,production,production.csv,0,Target_Qty,'-431,greater_than_equal: Input should be greater than or equal to 0
2026-09-29T16:24:00,inventory,inventory.csv,0,Stock_Qty,'-50,greater_than_equal: Input should be greater than or equal to 0
2026-09-29T16:24:00,production,production.csv,0,Target_Qty,'-431,greater_than_equal: Input should be greater than or equal to 0
2026-09-29T16:24:00,inventory,inventory.csv,0,Stock_Qty,'-50,greater_than_equal: Input should be greater than or equal to 0
2026-09-29T16:24:00,production,production.csv,0,Target_Qty,'-431,greater_than_equal: Input should be greater than or equal to 0
2026-09-29T16:24:00,inventory,inventory.csv,0,Stock_Qty,'-50,greater_than_equal: Input should be greater than or equal to 0
2026-09-29T16:24:00,production,production.csv,0,Target_Qty,'-431,greater_than_equal: Input should be greater than or equal to 0
2026-09-29T16:24:29,inventory,inventory.csv,0,Stock_Qty,'-50,greater_than_equal: Input should be greater than or equal to 0
2026-09-29T16:24:29,production,production.csv,0,Target_Qty,'-431,greater_than_equal: Input should be greater than or equal to 0
2026-09-29T16:25:34,inventory,inventory.csv,0,Stock_Qty,'-50,greater_than_equal: Input should be greater than or equal to 0
2026-09-29T16:25:34,production,production.csv,0,Target_Qty,'-431,greater_than_equal: Input should be greater than or equal to 0
2026-09-29T16:25:34,inventory,inventory.csv,0,Stock_Qty,'-50,greater_than_equal: Input should be greater than or equal to 0
2026-09-29T16:25:34,production,production.csv,0,Target_Qty,'-431,greater_than_equal: Input should be greater than or equal to 0
2026-09-29T16:25:34,inventory,inventory.csv,0,Stock_Qty,'-50,greater_than_equal: Input should be greater than or equal to 0
2026-09-29T16:25:34,production,production.csv,0,Target_Qty,'-431,greater_than_equal: Input should be greater than or equal to 0
2026-09-29T16:25:35,inventory,inventory.csv,0,Stock_Qty,'-50,greater_than_equal: Input should be greater than or equal to 0
2026-09-29T16:25:35,production,production.csv,0,Target_Qty,'-431,greater_than_equal: Input should be greater than or equal to 0
2026-09-29T16:25:35,inventory,inventory.csv,0,Stock_Qty,'-50,greater_than_equal: Input should be greater than or equal to 0
2026-09-29T16:25:35,production,production.csv,0,Target_Qty,'-431,greater_than_equal: Input should be greater than or equal to 0
2026-09-29T16:25:35,inventory,inventory.csv,0,Stock_Qty,'-50,greater_than_equal: Input should be greater than or equal to 0
2026-09-29T16:25:35,production,production.csv,0,Target_Qty,'-431,greater_than_equal: Input should be greater than or equal to 0
2026-09-29T16:25:44,inventory,inventory.csv,0,Stock_Qty,'-50,greater_than_equal: Input should be greater than or equal to 0
2026-09-29T16:25:44,production,production.csv,0,Target_Qty,'-431,greater_than_equal: Input should be greater than or equal to 0
2026-09-29T16:25:44,inventory,inventory.csv,0,Stock_Qty,'-50,greater_than_equal: Input should be greater than or equal to 0
2026-09-29T16:25:44,production,production.csv,0,Target_Qty,'-431,greater_than_equal: Input should be greater than or equal to 0
2026-09-29T16:25:44,inventory,inventory.csv,0,Stock_Qty,'-50,greater_than_equal: Input should be greater than or equal to 0
2026-09-29T16:25:44,production,production.csv,0,Target_Qty,'-431,greater_than_equal: Input should be greater than or equal to 0
2026-09-29T16:25:44,inventory,inventory.csv,0,Stock_Qty,'-50,greater_than_equal: Input should be greater than or equal to 0
2026-09-29T16:25:44,production,production.csv,0,Target_Qty,'-431,greater_than_equal: Input should be greater than or equal to 0
2026-09-29T16:25:44,inventory,inventory.csv,0,Stock_Qty,'-50,greater_than_equal: Input should be greater than or equal to 0
2026-09-29T16:25:44,production,production.csv,0,Target_Qty,'-431,greater_than_equal: Input should be greater than or equal to 0
2026-09-29T16:25:45,inventory,inventory.csv,0,Stock_Qty,'-50,greater_than_equal: Input should be greater than or equal to 0
2026-09-29T16:25:45,production,production.csv,0,Target_Qty,'-431,greater_than_equal: Input should be greater than or equal to 0
2026-09-29T16:25:55,inventory,inventory.csv,0,Stock_Qty,'-50,greater_than_equal: Input should be greater than or equal to 0
2026-09-29T16:25:55,production,production.csv,0,Target_Qty,'-431,greater_than_equal: Input should be greater than or equal to 0
2026-09-29T16:25:55,inventory,inventory.csv,0,Stock_Qty,'-50,greater_than_equal: Input should be greater than or equal to 0
2026-09-29T16:25:55,production,production.csv,0,Target_Qty,'-431,greater_than_equal: Input should be greater than or equal to 0
2026-09-29T16:25:55,inventory,inventory.csv,0,Stock_Qty,'-50,greater_than_equal: Input should be greater than or equal to 0
2026-09-29T16:25:55,production,production.csv,0,Target_Qty,'-431,greater_than_equal: Input should be greater than or equal to 0
2026-09-29T16:25:55,inventory,inventory.csv,0,Stock_Qty,'-50,greater_than_equal: Input should be greater than or equal to 0
2026-09-29T16:25:55,production,production.csv,0,Target_Qty,'-431,greater_than_equal: Input should be greater than or equal to 0
2026-09-29T16:25:55,inventory,inventory.csv,0,Stock_Qty,'-50,greater_than_equal: Input should be greater than or equal to 0
2026-09-29T16:25:55,production,production.csv,0,Target_Qty,'-431,greater_than_equal: Input should be greater than or equal to 0
2026-09-29T16:25:55,inventory,inventory.csv,0,Stock_Qty,'-50,greater_than_equal: Input should be greater than or equal to 0
2026-09-29T16:25:55,production,production.csv,0,Target_Qty,'-431,greater_than_equal: Input should be greater than or equal to 0
2026-09-29T16:26:06,inventory,inventory.csv,0,Stock_Qty,'-50,greater_than_equal: Input should be greater than or equal to 0
2026-09-29T16:26:06,production,production.csv,0,Target_Qty,'-431,greater_than_equal: Input should be greater than or equal to 0
2026-09-29T16:26:06,inventory,inventory.csv,0,Stock_Qty,'-50,greater_than_equal: Input should be greater than or equal to 0
2026-09-29T16:26:06,production,production.csv,0,Target_Qty,'-431,greater_than_equal: Input should be greater than or equal to 0
2026-09-29T16:26:06,inventory,inventory.csv,0,Stock_Qty,'-50,greater_than_equal: Input should be greater than or equal to 0
2026-09-29T16:26:06,production,production.csv,0,Target_Qty,'-431,greater_than_equal: Input should be greater than or equal to 0
2026-09-29T16:26:06,inventory,inventory.csv,0,Stock_Qty,'-50,greater_than_equal: Input should be greater than or equal to 0
2026-09-29T16:26:06,production,production.csv,0,Target_Qty,'-431,greater_than_equal: Input should be greater than or equal to 0
2026-09-29T16:26:07,inventory,inventory.csv,0,Stock_Qty,'-50,greater_than_equal: Input should be greater than or equal to 0
2026-09-29T16:26:07,production,production.csv,0,Target_Qty,'-431,greater_than_equal: Input should be greater than or equal to 0
2026-09-29T16:26:07,inventory,inventory.csv,0,Stock_Qty,'-50,greater_than_equal: Input should be greater than or equal to 0
2026-09-29T16:26:07,production,production.csv,0,Target_Qty,'-431,greater_than_equal: Input should be greater than or equal to 0
2026-09-29T16:26:37,inventory,inventory.csv,0,Stock_Qty,'-50,greater_than_equal: Input should be greater than or equal to 0
2026-09-29T16:26:37,production,production.csv,0,Target_Qty,'-431,greater_than_equal: Input should be greater than or equal to 0
2026-09-29T16:26:37,inventory,inventory.csv,0,Stock_Qty,'-50,greater_than_equal: Input should be greater than or equal to 0
2026-09-29T16:26:37,production,production.csv,0,Target_Qty,'-431,greater_than_equal: Input should be greater than or equal to 0
2026-09-29T16:26:37,inventory,inventory.csv,0,Stock_Qty,'-50,greater_than_equal: Input should be greater than or equal to 0
2026-09-29T16:26:37,production,production.csv,0,Target_Qty,'-431,greater_than_equal: Input should be greater than or equal to 0
2026-09-29T16:26:37,inventory,inventory.csv,0,Stock_Qty,'-50,greater_than_equal: Input should be greater than or equal to 0
2026-09-29T16:26:37,production,production.csv,0,Target_Qty,'-431,greater_than_equal: Input should be greater than or equal to 0
2026-09-29T16:26:37,inventory,inventory.csv,0,Stock_Qty,'-50,greater_than_equal: Input should be greater than or equal to 0
2026-09-29T16:26:37,production,production.csv,0,Target_Qty,'-431,greater_than_equal: Input should be greater than or equal to 0
2026-09-29T16:26:38,inventory,inventory.csv,0,Stock_Qty,'-50,greater_than_equal: Input should be greater than or equal to 0
2026-09-29T16:26:38,production,production.csv,0,Target_Qty,'-431,greater_than_equal: Input should be greater than or equal to 0
2026-09-29T16:26:56,inventory,inventory.csv,0,Stock_Qty,'-50,greater_than_equal: Input should be greater than or equal to 0
2026-09-29T16:26:56,production,production.csv,0,Target_Qty,'-431,greater_than_equal: Input should be greater than or equal to 0
2026-09-29T16:26:56,inventory,inventory.csv,0,Stock_Qty,'-50,greater_than_equal: Input should be greater than or equal to 0
2026-09-29T16:26:56,production,production.csv,0,Target_Qty,'-431,greater_than_equal: Input should be greater than or equal to 0
2026-09-29T16:26:56,inventory,inventory.csv,0,Stock_Qty,'-50,greater_than_equal: Input should be greater than or equal to 0
2026-09-29T16:26:56,production,production.csv,0,Target_Qty,'-431,greater_than_equal: Input should be greater than or equal to 0
2026-09-29T16:26:56,inventory,inventory.csv,0,Stock_Qty,'-50,greater_than_equal: Input should be greater than or equal to 0
2026-09-29T16:26:56,production,production.csv,0,Target_Qty,'-431,greater_than_equal: Input should be greater than or equal to 0
2026-09-29T16:26:56,inventory,inventory.csv,0,Stock_Qty,'-50,greater_than_equal: Input should be greater than or equal to 0
2026-09-29T16:26:56,production,production.csv,0,Target_Qty,'-431,greater_than_equal: Input should be greater than or equal to 0
2026-09-29T16:26:56,inventory,inventory.csv,0,Stock_Qty,'-50,greater_than_equal: Input should be greater than or equal to 0
2026-09-29T16:26:56,production,production.csv,0,Target_Qty,'-431,greater_than_equal: Input should be greater than or equal to 0
2026-09-29T16:27:18,inventory,inventory.csv,0,Stock_Qty,'-50,greater_than_equal: Input should be greater than or equal to 0
2026-09-29T16:27:18,production,production.csv,0,Target_Qty,'-431,greater_than_equal: Input should be greater than or equal to 0
2026-09-29T16:27:18,inventory,inventory.csv,0,Stock_Qty,'-50,greater_than_equal: Input should be greater than or equal to 0
2026-09-29T16:27:18,production,production.csv,0,Target_Qty,'-431,greater_than_equal: Input should be greater than or equal to 0
2026-09-29T16:27:18,inventory,inventory.csv,0,Stock_Qty,'-50,greater_than_equal: Input should be greater than or equal to 0
2026-09-29T16:27:18,production,production.csv,0,Target_Qty,'-431,greater_than_equal: Input should be greater than or equal to 0
2026-09-29T16:27:18,inventory,inventory.csv,0,Stock_Qty,'-50,greater_than_equal: Input should be greater than or equal to 0
2026-09-29T16:27:18,production,production.csv,0,Target_Qty,'-431,greater_than_equal: Input should be greater than or equal to 0
2026-09-29T16:27:18,inventory,inventory.csv,0,Stock_Qty,'-50,greater_than_equal: Input should be greater than or equal to 0
2026-09-29T16:27:18,production,production.csv,0,Target_Qty,'-431,greater_than_equal: Input should be greater than or equal to 0
2026-09-29T16:27:19,inventory,inventory.csv,0,Stock_Qty,'-50,greater_than_equal: Input should be greater than or equal to 0
2026-09-29T16:27:19,production,production.csv,0,Target_Qty,'-431,greater_than_equal: Input should be greater than or equal to 0
2026-09-29T16:27:20,inventory,inventory.csv,0,Stock_Qty,'-50,greater_than_equal: Input should be greater than or equal to 0
2026-09-29T16:27:20,production,production.csv,0,Target_Qty,'-431,greater_than_equal: Input should be greater than or equal to 0
2026-09-29T16:27:20,inventory,inventory.csv,0,Stock_Qty,'-50,greater_than_equal: Input should be greater than or equal to 0
2026-09-29T16:27:20,production,production.csv,0,Target_Qty,'-431,greater_than_equal: Input should be greater than or equal to 0
2026-09-29T16:27:20,inventory,inventory.csv,0,Stock_Qty,'-50,greater_than_equal: Input should be greater than or equal to 0
2026-09-29T16:27:20,production,production.csv,0,Target_Qty,'-431,greater_than_equal: Input should be greater than or equal to 0
2026-09-29T16:27:20,inventory,inventory.csv,0,Stock_Qty,'-50,greater_than_equal: Input should be greater than or equal to 0
2026-09-29T16:27:20,production,production.csv,0,Target_Qty,'-431,greater_than_equal: Input should be greater than or equal to 0
2026-09-29T16:27:20,inventory,inventory.csv,0,Stock_Qty,'-50,greater_than_equal: Input should be greater than or equal to 0
2026-09-29T16:27:20,production,production.csv,0,Target_Qty,'-431,greater_than_equal: Input should be greater than or equal to 0
