Date,Machine_ID,Status,Speed_RPM,Temperature_C,Vibration_mm,Power_Usage_pct,Downtime_min,Line,Created_At
2026-01-05,M-02,Running,92.5,75.0,1.75,82.5,0,L2,2026-01-05T08:00:00
2026-01-05,M-01,Running,92.5,75.0,1.75,82.5,0,L2,2026-01-05T08:00:00
2026-01-05,M-01,Running,92.5,75.0,1.75,82.5,0,L2,2026-01-05T08:00:00
2026-01-05,M-02,Running,92.5,75.0,1.75,82.5,0,L2,2026-01-05T08:00:00
2026-01-05,M-01,Running,92.5,75.0,1.75,82.5,0,L1,2026-01-05T08:00:00
2026-01-05,M-02,Running,92.5,75.0,1.75,82.5,0,L2,2026-01-05T08:00:00
2026-01-05,M-01,Running,92.5,75.0,1.75,82.5,0,L1,2026-01-05T08:00:00
2026-01-05,M-02,Running,92.5,75.0,1.75,82.5,0,L1,2026-01-05T08:00:00
2026-01-06,M-02,Running,92.5,75.0,1.75,82.5,0,L1,2026-01-06T08:00:00
2026-01-06,M-02,Running,92.5,75.0,1.75,82.5,0,L2,2026-01-06T08:00:00
2026-01-06,M-01,Running,92.5,75.0,1.75,82.5,0,L1,2026-01-06T08:00:00
2026-01-06,M-01,Running,92.5,75.0,1.75,82.5,0,L1,2026-01-06T08:00:00
2026-01-06,M-01,Running,92.5,75.0,1.75,82.5,0,L2,2026-01-06T08:00:00
2026-01-06,M-01,Running,92.5,75.0,1.75,82.5,0,L2,2026-01-06T08:00:00
2026-01-06,M-01,Running,92.5,75.0,1.75,82.5,0,L1,2026-01-06T08:00:00
2026-01-06,M-02,Running,92.5,75.0,1.75,82.5,0,L2,2026-01-06T08:00:00
2026-01-07,M-01,Running,92.5,75.0,1.75,82.5,0,L2,2026-01-07T08:00:00
2026-01-07,M-01,Running,92.5,75.0,1.75,82.5,0,L1,2026-01-07T08:00:00
2026-01-07,M-01,Running,92.5,75.0,1.75,82.5,0,L2,2026-01-07T08:00:00
2026-01-07,M-02,Running,92.5,75.0,1.75,82.5,0,L1,2026-01-07T08:00:00
2026-01-07,M-01,Running,92.5,75.0,1.75,82.5,0,L1,2026-01-07T08:00:00
2026-01-07,M-01,Running,92.5,75.0,1.75,82.5,0,L2,2026-01-07T08:00:00
2026-01-07,M-01,Running,92.5,75.0,1.75,82.5,0,L1,2026-01-07T08:00:00
2026-01-07,M-02,Running,92.5,75.0,1.75,82.5,0,L2,2026-01-07T08:00:00
