Date,Line,Shift,Product,Machine_ID,Worker_ID,Target_Qty,Actual_Qty,Good_Qty,Reject_Qty,Cycle_Time_sec,Created_At
2026-01-05,L2,Shift-1,SKU-A,M-01,W-003,-431,428,428,0,39.2,2026-01-05T07:00:00
2026-01-05,L1,Shift-2,SKU-A,M-01,W-001,444,416,408,8,49.7,2026-01-05T07:00:00
2026-01-05,L1,Shift-2,SKU-A,M-02,W-003,414,395,395,0,55.0,2026-01-05T07:00:00
2026-01-05,L2,Shift-2,SKU-B,M-01,W-001,350,326,324,2,116.1,2026-01-05T07:00:00
2026-01-05,L2,Shift-1,SKU-B,M-02,W-003,393,390,389,1,53.8,2026-01-05T07:00:00
2026-01-05,L1,Shift-2,SKU-A,M-02,W-003,355,332,325,7,85.7,2026-01-05T07:00:00
2026-01-05,L1,Shift-1,SKU-A,M-02,W-001,396,378,375,3,107.0,2026-01-05T07:00:00
2026-01-05,L2,Shift-2,SKU-A,M-02,W-002,362,350,346,4,48.9,2026-01-05T07:00:00
2026-01-05,L1,Shift-1,SKU-A,M-02,W-002,384,362,361,1,54.3,2026-01-05T07:00:00
2026-01-05,L1,Shift-2,SKU-A,M-01,W-001,431,409,401,8,102.5,2026-01-05T07:00:00
2026-01-06,L1,Shift-2,SKU-A,M-02,W-002,401,393,392,1,109.6,2026-01-06T07:00:00
2026-01-06,L2,Shift-1,SKU-A,M-02,W-003,432,418,416,2,82.6,2026-01-06T07:00:00
2026-01-06,L1,Shift-1,SKU-B,M-01,W-001,424,412,407,5,107.5,2026-01-06T07:00:00
2026-01-06,L2,Shift-1,SKU-B,M-02,W-003,369,349,347,2,119.7,2026-01-06T07:00:00
2026-01-06,L1,Shift-1,SKU-B,M-02,W-001,417,409,401,8,56.4,2026-01-06T07:00:00
2026-01-06,L2,Shift-1,SKU-A,M-02,W-003,370,356,356,0,75.7,2026-01-06T07:00:00
2026-01-06,L1,Shift-1,SKU-B,M-02,W-001,375,371,366,5,40.1,2026-01-06T07:00:00
2026-01-06,L1,Shift-1,SKU-A,M-01,W-001,396,368,364,4,95.9,2026-01-06T07:00:00
2026-01-06,L1,Shift-1,SKU-B,M-01,W-002,358,334,326,8,77.5,2026-01-06T07:00:00
2026-01-06,L1,Shift-2,SKU-B,M-02,W-002,427,414,411,3,111.0,2026-01-06T07:00:00
2026-01-07,L1,Shift-1,SKU-B,M-01,W-003,407,404,401,3,79.9,2026-01-07T07:00:00
2026-01-07,L1,Shift-1,SKU-A,M-01,W-001,425,418,418,0,107.4,2026-01-07T07:00:00
2026-01-07,L2,Shift-2,SKU-A,M-01,W-003,359,343,340,3,114.2,2026-01-07T07:00:00
2026-01-07,L1,Shift-2,SKU-B,M-01,W-001,423,405,398,7,38.7,2026-01-07T07:00:00
2026-01-07,L2,Shift-2,SKU-A,M-01,W-001,405,394,388,6,66.2,2026-01-07T07:00:00
2026-01-07,L1,Shift-1,SKU-A,M-02,W-001,393,368,367,1,68.0,2026-01-07T07:00:00
2026-01-07,L1,Shift-2,SKU-A,M-01,W-003,385,371,368,3,119.9,2026-01-07T07:00:00
2026-01-07,L1,Shift-2,SKU-B,M-02,W-001,351,349,346,3,107.8,2026-01-07T07:00:00
2026-01-07,L1,Shift-2,SKU-B,M-02,W-002,357,352,346,6,68.1,2026-01-07T07:00:00
2026-01-07,L2,Shift-1,SKU-A,M-02,W-001,443,418,410,8,117.2,2026-01-07T07:00:00
