Date,Product,Line,Defect_Type,Defect_Count,Inspected_Qty,Severity,Inspector_ID,Created_At
2026-01-05,SKU-A,L2,Scratch,1,200,Minor,W-001,2026-01-05T08:00:00
2026-01-05,SKU-A,L2,Scratch,9,200,Minor,W-001,2026-01-05T08:00:00
2026-01-05,SKU-A,L1,Scratch,9,200,Minor,W-001,2026-01-05T08:00:00
2026-01-05,SKU-A,L1,Scratch,2,200,Minor,W-001,2026-01-05T08:00:00
2026-01-05,SKU-A,L1,Scratch,7,200,Minor,W-001,2026-01-05T08:00:00
2026-01-05,SKU-A,L1,Scratch,1,200,Minor,W-001,2026-01-05T08:00:00
2026-01-06,SKU-A,L2,Scratch,9,200,Minor,W-001,2026-01-06T08:00:00
2026-01-06,SKU-B,L2,Scratch,4,200,Minor,W-001,2026-01-06T08:00:00
2026-01-06,SKU-B,L1,Scratch,5,200,Minor,W-001,2026-01-06T08:00:00
2026-01-06,SKU-B,L1,Scratch,5,200,Minor,W-001,2026-01-06T08:00:00
2026-01-06,SKU-B,L2,Scratch,2,200,Minor,W-001,2026-01-06T08:00:00
2026-01-06,SKU-A,L2,Scratch,2,200,Minor,W-001,2026-01-06T08:00:00
2026-01-07,SKU-A,L1,Scratch,9,200,Minor,W-001,2026-01-07T08:00:00
2026-01-07,SKU-B,L1,Scratch,6,200,Minor,W-001,2026-01-07T08:00:00
2026-01-07,SKU-A,L1,Scratch,6,200,Minor,W-001,2026-01-07T08:00:00
2026-01-07,SKU-B,L1,Scratch,8,200,Minor,W-001,2026-01-07T08:00:00
2026-01-07,SKU-B,L1,Scratch,9,200,Minor,W-001,2026-01-07T08:00:00
2026-01-07,SKU-B,L1,Scratch,3,200,Minor,W-001,2026-01-07T08:00:00
